{
  "Top10Products": [
    {
      "id": 1,
      "title": "Provider data Management",
      "description": "Streamline collection, validation, and maintenance of provider information effortlessly.",
      "tags": ["Payer", "Underwriting"],
      "imageSrc": "https://cdn.builder.io/api/v1/image/assets/b22a1f591db946d8a5b6fadc33b7c231/56816273f2f98cdc829a9b1efaacf843afb57373?placeholderIfAbsent=true",
      "SGU" :"HealthCare",
      "badgeIconSrc": "https://cdn.builder.io/api/v1/image/assets/b22a1f591db946d8a5b6fadc33b7c231/22272303bd465eabf4b6babf40b62c4598991605?placeholderIfAbsent=true",
      "likeIconSrc": "https://cdn.builder.io/api/v1/image/assets/b22a1f591db946d8a5b6fadc33b7c231/0adab6b19e8d58e2d2719d949bbd1c098dc6d389?placeholderIfAbsent=true",
      "starIconSrc": "https://cdn.builder.io/api/v1/image/assets/b22a1f591db946d8a5b6fadc33b7c231/92ebf2f24d6c9d9f32a010544c8d966c2a4bd551?placeholderIfAbsent=true"
    },
    {
      "id": 2,
      "title": "Provider data Management",
      "description": "Streamline collection, validation, and maintenance of provider information effortlessly.",
      "tags": ["Payer", "Underwriting"],
      "imageSrc": "https://cdn.builder.io/api/v1/image/assets/b22a1f591db946d8a5b6fadc33b7c231/56816273f2f98cdc829a9b1efaacf843afb57373?placeholderIfAbsent=true",
      "SGU" :"Growth Market",
      
      "badgeIconSrc": "https://cdn.builder.io/api/v1/image/assets/b22a1f591db946d8a5b6fadc33b7c231/9d6630bd895ccb96e054c434350dbd8b8ad634c3?placeholderIfAbsent=true",
      "likeIconSrc": "https://cdn.builder.io/api/v1/image/assets/b22a1f591db946d8a5b6fadc33b7c231/5794e1e4f247bf70e4664ff9b96658c1057fcbf2?placeholderIfAbsent=true",
      "starIconSrc": "https://cdn.builder.io/api/v1/image/assets/b22a1f591db946d8a5b6fadc33b7c231/c2711a24fe70f285aada59fd8a5b044f66919039?placeholderIfAbsent=true"
    },
        {
      "id": 1,
      "title": "Provider data Management",
      "description": "Streamline collection, validation, and maintenance of provider information effortlessly.",
      "tags": ["Payer", "Underwriting"],
      "imageSrc": "https://cdn.builder.io/api/v1/image/assets/b22a1f591db946d8a5b6fadc33b7c231/56816273f2f98cdc829a9b1efaacf843afb57373?placeholderIfAbsent=true",
      "SGU" :"Growth Market",
      "badgeIconSrc": "https://cdn.builder.io/api/v1/image/assets/b22a1f591db946d8a5b6fadc33b7c231/22272303bd465eabf4b6babf40b62c4598991605?placeholderIfAbsent=true",
      "likeIconSrc": "https://cdn.builder.io/api/v1/image/assets/b22a1f591db946d8a5b6fadc33b7c231/0adab6b19e8d58e2d2719d949bbd1c098dc6d389?placeholderIfAbsent=true",
      "starIconSrc": "https://cdn.builder.io/api/v1/image/assets/b22a1f591db946d8a5b6fadc33b7c231/92ebf2f24d6c9d9f32a010544c8d966c2a4bd551?placeholderIfAbsent=true"
    },
    {
      "id": 2,
      "title": "Provider data Management",
      "description": "Streamline collection, validation, and maintenance of provider information effortlessly.",
      "tags": ["Payer", "Underwriting"],
      "imageSrc": "https://cdn.builder.io/api/v1/image/assets/b22a1f591db946d8a5b6fadc33b7c231/56816273f2f98cdc829a9b1efaacf843afb57373?placeholderIfAbsent=true",
      "SGU" :"Growth Market",
      "badgeIconSrc": "https://cdn.builder.io/api/v1/image/assets/b22a1f591db946d8a5b6fadc33b7c231/9d6630bd895ccb96e054c434350dbd8b8ad634c3?placeholderIfAbsent=true",
      "likeIconSrc": "https://cdn.builder.io/api/v1/image/assets/b22a1f591db946d8a5b6fadc33b7c231/5794e1e4f247bf70e4664ff9b96658c1057fcbf2?placeholderIfAbsent=true",
      "starIconSrc": "https://cdn.builder.io/api/v1/image/assets/b22a1f591db946d8a5b6fadc33b7c231/c2711a24fe70f285aada59fd8a5b044f66919039?placeholderIfAbsent=true"
    },
     {
      "id": 1,
      "title": "Provider data Management",
      "description": "Streamline collection, validation, and maintenance of provider information effortlessly.",
      "tags": ["Payer", "Underwriting"],
      "imageSrc": "https://cdn.builder.io/api/v1/image/assets/b22a1f591db946d8a5b6fadc33b7c231/56816273f2f98cdc829a9b1efaacf843afb57373?placeholderIfAbsent=true",
      "SGU" :"Insurance",
      "badgeIconSrc": "https://cdn.builder.io/api/v1/image/assets/b22a1f591db946d8a5b6fadc33b7c231/22272303bd465eabf4b6babf40b62c4598991605?placeholderIfAbsent=true",
      "likeIconSrc": "https://cdn.builder.io/api/v1/image/assets/b22a1f591db946d8a5b6fadc33b7c231/0adab6b19e8d58e2d2719d949bbd1c098dc6d389?placeholderIfAbsent=true",
      "starIconSrc": "https://cdn.builder.io/api/v1/image/assets/b22a1f591db946d8a5b6fadc33b7c231/92ebf2f24d6c9d9f32a010544c8d966c2a4bd551?placeholderIfAbsent=true"
    },
    {
      "id": 2,
      "title": "Provider data Management",
      "description": "Streamline collection, validation, and maintenance of provider information effortlessly.",
      "tags": ["Payer", "Underwriting"],
      "imageSrc": "https://cdn.builder.io/api/v1/image/assets/b22a1f591db946d8a5b6fadc33b7c231/56816273f2f98cdc829a9b1efaacf843afb57373?placeholderIfAbsent=true",
      "SGU" :"Insurance",
      "badgeIconSrc": "https://cdn.builder.io/api/v1/image/assets/b22a1f591db946d8a5b6fadc33b7c231/9d6630bd895ccb96e054c434350dbd8b8ad634c3?placeholderIfAbsent=true",
      "likeIconSrc": "https://cdn.builder.io/api/v1/image/assets/b22a1f591db946d8a5b6fadc33b7c231/5794e1e4f247bf70e4664ff9b96658c1057fcbf2?placeholderIfAbsent=true",
      "starIconSrc": "https://cdn.builder.io/api/v1/image/assets/b22a1f591db946d8a5b6fadc33b7c231/c2711a24fe70f285aada59fd8a5b044f66919039?placeholderIfAbsent=true"
    }
  ],
  "Top10NewProducts": [
    {
      "id": 1,
      "title": "Provider data Management",
      "description": "Streamline collection, validation, and maintenance of provider information effortlessly.",
      "tags": ["Payer", "Underwriting"],
      "imageSrc": "https://cdn.builder.io/api/v1/image/assets/b22a1f591db946d8a5b6fadc33b7c231/56816273f2f98cdc829a9b1efaacf843afb57373?placeholderIfAbsent=true",
      "SGU" :"Insurance",
      "badgeIconSrc": "https://cdn.builder.io/api/v1/image/assets/b22a1f591db946d8a5b6fadc33b7c231/22272303bd465eabf4b6babf40b62c4598991605?placeholderIfAbsent=true",
      "likeIconSrc": "https://cdn.builder.io/api/v1/image/assets/b22a1f591db946d8a5b6fadc33b7c231/0adab6b19e8d58e2d2719d949bbd1c098dc6d389?placeholderIfAbsent=true",
      "starIconSrc": "https://cdn.builder.io/api/v1/image/assets/b22a1f591db946d8a5b6fadc33b7c231/92ebf2f24d6c9d9f32a010544c8d966c2a4bd551?placeholderIfAbsent=true"
    },
    {
      "id": 2,
      "title": "Provider data Management",
      "description": "Streamline collection, validation, and maintenance of provider information effortlessly.",
      "tags": ["Payer", "Underwriting"],
      "imageSrc": "https://cdn.builder.io/api/v1/image/assets/b22a1f591db946d8a5b6fadc33b7c231/56816273f2f98cdc829a9b1efaacf843afb57373?placeholderIfAbsent=true",
      "SGU" :"HealthCare",
      "badgeIconSrc": "https://cdn.builder.io/api/v1/image/assets/b22a1f591db946d8a5b6fadc33b7c231/9d6630bd895ccb96e054c434350dbd8b8ad634c3?placeholderIfAbsent=true",
      "likeIconSrc": "https://cdn.builder.io/api/v1/image/assets/b22a1f591db946d8a5b6fadc33b7c231/5794e1e4f247bf70e4664ff9b96658c1057fcbf2?placeholderIfAbsent=true",
      "starIconSrc": "https://cdn.builder.io/api/v1/image/assets/b22a1f591db946d8a5b6fadc33b7c231/c2711a24fe70f285aada59fd8a5b044f66919039?placeholderIfAbsent=true"
    },
    {
      "id": 1,
      "title": "Provider data Management",
      "description": "Streamline collection, validation, and maintenance of provider information effortlessly.",
      "tags": ["Payer", "Underwriting"],
      "imageSrc": "https://cdn.builder.io/api/v1/image/assets/b22a1f591db946d8a5b6fadc33b7c231/56816273f2f98cdc829a9b1efaacf843afb57373?placeholderIfAbsent=true",
      "SGU" :"HealthCare",
      "badgeIconSrc": "https://cdn.builder.io/api/v1/image/assets/b22a1f591db946d8a5b6fadc33b7c231/22272303bd465eabf4b6babf40b62c4598991605?placeholderIfAbsent=true",
      "likeIconSrc": "https://cdn.builder.io/api/v1/image/assets/b22a1f591db946d8a5b6fadc33b7c231/0adab6b19e8d58e2d2719d949bbd1c098dc6d389?placeholderIfAbsent=true",
      "starIconSrc": "https://cdn.builder.io/api/v1/image/assets/b22a1f591db946d8a5b6fadc33b7c231/92ebf2f24d6c9d9f32a010544c8d966c2a4bd551?placeholderIfAbsent=true"
    },
    {
      "id": 2,
      "title": "Provider data Management",
      "description": "Streamline collection, validation, and maintenance of provider information effortlessly.",
      "tags": ["Payer", "Underwriting"],
      "imageSrc": "https://cdn.builder.io/api/v1/image/assets/b22a1f591db946d8a5b6fadc33b7c231/56816273f2f98cdc829a9b1efaacf843afb57373?placeholderIfAbsent=true",
      "SGU" :"Banking and Capital Markets",
      "badgeIconSrc": "https://cdn.builder.io/api/v1/image/assets/b22a1f591db946d8a5b6fadc33b7c231/9d6630bd895ccb96e054c434350dbd8b8ad634c3?placeholderIfAbsent=true",
      "likeIconSrc": "https://cdn.builder.io/api/v1/image/assets/b22a1f591db946d8a5b6fadc33b7c231/5794e1e4f247bf70e4664ff9b96658c1057fcbf2?placeholderIfAbsent=true",
      "starIconSrc": "https://cdn.builder.io/api/v1/image/assets/b22a1f591db946d8a5b6fadc33b7c231/c2711a24fe70f285aada59fd8a5b044f66919039?placeholderIfAbsent=true"
    },
    {
      "id": 1,
      "title": "Provider data Management",
      "description": "Streamline collection, validation, and maintenance of provider information effortlessly.",
      "tags": ["Payer", "Underwriting"],
      "imageSrc": "https://cdn.builder.io/api/v1/image/assets/b22a1f591db946d8a5b6fadc33b7c231/56816273f2f98cdc829a9b1efaacf843afb57373?placeholderIfAbsent=true",
      "SGU" :"Banking and Capital Markets",
      "badgeIconSrc": "https://cdn.builder.io/api/v1/image/assets/b22a1f591db946d8a5b6fadc33b7c231/22272303bd465eabf4b6babf40b62c4598991605?placeholderIfAbsent=true",
      "likeIconSrc": "https://cdn.builder.io/api/v1/image/assets/b22a1f591db946d8a5b6fadc33b7c231/0adab6b19e8d58e2d2719d949bbd1c098dc6d389?placeholderIfAbsent=true",
      "starIconSrc": "https://cdn.builder.io/api/v1/image/assets/b22a1f591db946d8a5b6fadc33b7c231/92ebf2f24d6c9d9f32a010544c8d966c2a4bd551?placeholderIfAbsent=true"
    },
    {
      "id": 2,
      "title": "Provider data Management",
      "description": "Streamline collection, validation, and maintenance of provider information effortlessly.",
      "tags": ["Payer", "Underwriting"],
      "imageSrc": "https://cdn.builder.io/api/v1/image/assets/b22a1f591db946d8a5b6fadc33b7c231/56816273f2f98cdc829a9b1efaacf843afb57373?placeholderIfAbsent=true",
      "SGU" :"Banking and Capital Markets",
      "badgeIconSrc": "https://cdn.builder.io/api/v1/image/assets/b22a1f591db946d8a5b6fadc33b7c231/9d6630bd895ccb96e054c434350dbd8b8ad634c3?placeholderIfAbsent=true",
      "likeIconSrc": "https://cdn.builder.io/api/v1/image/assets/b22a1f591db946d8a5b6fadc33b7c231/5794e1e4f247bf70e4664ff9b96658c1057fcbf2?placeholderIfAbsent=true",
      "starIconSrc": "https://cdn.builder.io/api/v1/image/assets/b22a1f591db946d8a5b6fadc33b7c231/c2711a24fe70f285aada59fd8a5b044f66919039?placeholderIfAbsent=true"
    }
  ],
  "Top10MostUsedProducts": [
    {
      "id": 1,
      "title": "Provider data Management",
      "description": "Streamline collection, validation, and maintenance of provider information effortlessly.",
      "tags": ["Payer", "Underwriting"],
      "imageSrc": "https://cdn.builder.io/api/v1/image/assets/b22a1f591db946d8a5b6fadc33b7c231/56816273f2f98cdc829a9b1efaacf843afb57373?placeholderIfAbsent=true",
      "SGU" :"HealthCare",
      "badgeIconSrc": "https://cdn.builder.io/api/v1/image/assets/b22a1f591db946d8a5b6fadc33b7c231/22272303bd465eabf4b6babf40b62c4598991605?placeholderIfAbsent=true",
      "likeIconSrc": "https://cdn.builder.io/api/v1/image/assets/b22a1f591db946d8a5b6fadc33b7c231/0adab6b19e8d58e2d2719d949bbd1c098dc6d389?placeholderIfAbsent=true",
      "starIconSrc": "https://cdn.builder.io/api/v1/image/assets/b22a1f591db946d8a5b6fadc33b7c231/92ebf2f24d6c9d9f32a010544c8d966c2a4bd551?placeholderIfAbsent=true"
    },
    {
      "id": 2,
      "title": "Provider data Management",
      "description": "Streamline collection, validation, and maintenance of provider information effortlessly.",
      "tags": ["Payer", "Underwriting"],
      "imageSrc": "https://cdn.builder.io/api/v1/image/assets/b22a1f591db946d8a5b6fadc33b7c231/56816273f2f98cdc829a9b1efaacf843afb57373?placeholderIfAbsent=true",
      "SGU" :"Banking and Capital Markets",
      "badgeIconSrc": "https://cdn.builder.io/api/v1/image/assets/b22a1f591db946d8a5b6fadc33b7c231/9d6630bd895ccb96e054c434350dbd8b8ad634c3?placeholderIfAbsent=true",
      "likeIconSrc": "https://cdn.builder.io/api/v1/image/assets/b22a1f591db946d8a5b6fadc33b7c231/5794e1e4f247bf70e4664ff9b96658c1057fcbf2?placeholderIfAbsent=true",
      "starIconSrc": "https://cdn.builder.io/api/v1/image/assets/b22a1f591db946d8a5b6fadc33b7c231/c2711a24fe70f285aada59fd8a5b044f66919039?placeholderIfAbsent=true"
    },
        {
      "id": 1,
      "title": "Provider data Management",
      "description": "Streamline collection, validation, and maintenance of provider information effortlessly.",
      "tags": ["Payer", "Underwriting"],
      "imageSrc": "https://cdn.builder.io/api/v1/image/assets/b22a1f591db946d8a5b6fadc33b7c231/56816273f2f98cdc829a9b1efaacf843afb57373?placeholderIfAbsent=true",
      "SGU" :"HealthCare",
      "badgeIconSrc": "https://cdn.builder.io/api/v1/image/assets/b22a1f591db946d8a5b6fadc33b7c231/22272303bd465eabf4b6babf40b62c4598991605?placeholderIfAbsent=true",
      "likeIconSrc": "https://cdn.builder.io/api/v1/image/assets/b22a1f591db946d8a5b6fadc33b7c231/0adab6b19e8d58e2d2719d949bbd1c098dc6d389?placeholderIfAbsent=true",
      "starIconSrc": "https://cdn.builder.io/api/v1/image/assets/b22a1f591db946d8a5b6fadc33b7c231/92ebf2f24d6c9d9f32a010544c8d966c2a4bd551?placeholderIfAbsent=true"
    },
    {
      "id": 2,
      "title": "Provider data Management",
      "description": "Streamline collection, validation, and maintenance of provider information effortlessly.",
      "tags": ["Payer", "Underwriting"],
      "imageSrc": "https://cdn.builder.io/api/v1/image/assets/b22a1f591db946d8a5b6fadc33b7c231/56816273f2f98cdc829a9b1efaacf843afb57373?placeholderIfAbsent=true",
     "SGU" :"HealthCare",
      
      "badgeIconSrc": "https://cdn.builder.io/api/v1/image/assets/b22a1f591db946d8a5b6fadc33b7c231/9d6630bd895ccb96e054c434350dbd8b8ad634c3?placeholderIfAbsent=true",
      "likeIconSrc": "https://cdn.builder.io/api/v1/image/assets/b22a1f591db946d8a5b6fadc33b7c231/5794e1e4f247bf70e4664ff9b96658c1057fcbf2?placeholderIfAbsent=true",
      "starIconSrc": "https://cdn.builder.io/api/v1/image/assets/b22a1f591db946d8a5b6fadc33b7c231/c2711a24fe70f285aada59fd8a5b044f66919039?placeholderIfAbsent=true"
    },
        {
      "id": 1,
      "title": "Provider data Management",
      "description": "Streamline collection, validation, and maintenance of provider information effortlessly.",
      "tags": ["Payer", "Underwriting"],
      "imageSrc": "https://cdn.builder.io/api/v1/image/assets/b22a1f591db946d8a5b6fadc33b7c231/56816273f2f98cdc829a9b1efaacf843afb57373?placeholderIfAbsent=true",
     "SGU" :"HealthCare",
            "badgeIconSrc": "https://cdn.builder.io/api/v1/image/assets/b22a1f591db946d8a5b6fadc33b7c231/22272303bd465eabf4b6babf40b62c4598991605?placeholderIfAbsent=true",
      "likeIconSrc": "https://cdn.builder.io/api/v1/image/assets/b22a1f591db946d8a5b6fadc33b7c231/0adab6b19e8d58e2d2719d949bbd1c098dc6d389?placeholderIfAbsent=true",
      "starIconSrc": "https://cdn.builder.io/api/v1/image/assets/b22a1f591db946d8a5b6fadc33b7c231/92ebf2f24d6c9d9f32a010544c8d966c2a4bd551?placeholderIfAbsent=true"
    },
    {
      "id": 2,
      "title": "Provider data Management",
      "description": "Streamline collection, validation, and maintenance of provider information effortlessly.",
      "tags": ["Payer", "Underwriting"],
      "imageSrc": "https://cdn.builder.io/api/v1/image/assets/b22a1f591db946d8a5b6fadc33b7c231/56816273f2f98cdc829a9b1efaacf843afb57373?placeholderIfAbsent=true",
     "SGU" :"HealthCare",
      
      "badgeIconSrc": "https://cdn.builder.io/api/v1/image/assets/b22a1f591db946d8a5b6fadc33b7c231/9d6630bd895ccb96e054c434350dbd8b8ad634c3?placeholderIfAbsent=true",
      "likeIconSrc": "https://cdn.builder.io/api/v1/image/assets/b22a1f591db946d8a5b6fadc33b7c231/5794e1e4f247bf70e4664ff9b96658c1057fcbf2?placeholderIfAbsent=true",
      "starIconSrc": "https://cdn.builder.io/api/v1/image/assets/b22a1f591db946d8a5b6fadc33b7c231/c2711a24fe70f285aada59fd8a5b044f66919039?placeholderIfAbsent=true"
    },
     {
      "id": 1,
      "title": "Provider data Management",
      "description": "Streamline collection, validation, and maintenance of provider information effortlessly.",
      "tags": ["Payer", "Underwriting"],
      "imageSrc": "https://cdn.builder.io/api/v1/image/assets/b22a1f591db946d8a5b6fadc33b7c231/56816273f2f98cdc829a9b1efaacf843afb57373?placeholderIfAbsent=true",
     "SGU" :"HealthCare",
            "badgeIconSrc": "https://cdn.builder.io/api/v1/image/assets/b22a1f591db946d8a5b6fadc33b7c231/22272303bd465eabf4b6babf40b62c4598991605?placeholderIfAbsent=true",
      "likeIconSrc": "https://cdn.builder.io/api/v1/image/assets/b22a1f591db946d8a5b6fadc33b7c231/0adab6b19e8d58e2d2719d949bbd1c098dc6d389?placeholderIfAbsent=true",
      "starIconSrc": "https://cdn.builder.io/api/v1/image/assets/b22a1f591db946d8a5b6fadc33b7c231/92ebf2f24d6c9d9f32a010544c8d966c2a4bd551?placeholderIfAbsent=true"
    },
    {
      "id": 2,
      "title": "Provider data Management",
      "description": "Streamline collection, validation, and maintenance of provider information effortlessly.",
      "tags": ["Payer", "Underwriting"],
      "imageSrc": "https://cdn.builder.io/api/v1/image/assets/b22a1f591db946d8a5b6fadc33b7c231/56816273f2f98cdc829a9b1efaacf843afb57373?placeholderIfAbsent=true",
     "SGU" :"HealthCare",
      
      "badgeIconSrc": "https://cdn.builder.io/api/v1/image/assets/b22a1f591db946d8a5b6fadc33b7c231/9d6630bd895ccb96e054c434350dbd8b8ad634c3?placeholderIfAbsent=true",
      "likeIconSrc": "https://cdn.builder.io/api/v1/image/assets/b22a1f591db946d8a5b6fadc33b7c231/5794e1e4f247bf70e4664ff9b96658c1057fcbf2?placeholderIfAbsent=true",
      "starIconSrc": "https://cdn.builder.io/api/v1/image/assets/b22a1f591db946d8a5b6fadc33b7c231/c2711a24fe70f285aada59fd8a5b044f66919039?placeholderIfAbsent=true"
    }
  ]
}
