{
    "workspacelist": [
      {
        "title": "Diabetes - WB 1",
        "id": "7e259c65-1228-4888-9d16-e67d79739277",
        "items": [
          {
            "researchname": "Research",
            "id": "8047f42b-6086-467a-b34b-6edaa617802a",
            "data": [
              { "id": "681b77fe-b97c-8013-8a40-199103902612", "title": "Diabetes Type 1" },
              { "id": "451b77fe-b97c-8013-8a40-1991039056ty", "title": "Diabetes Type 2" },
              { "id": "45rr77fe-b97c-8013-8a40-1991039056ty", "title": "Diabetes Type 3" }
            ]
          },
          {
            "experimentname": "Experiment",
            "id": "276bd006-51fe-4444-b76f-ede25ff2d283",
            "data": [
              { "id": "451bd77fe-b97c-8013-8a40-1991039056ty", "title": "Configuration 1" },
              { "id": "451b77fe-2345-8013-8a40-1991039056ty", "title": "Configuration 2" },
              { "id": "451b77fe-b97c-8013-8a40-1991039056ty", "title": "Configuration 3" }
            ]
          }
        ]
      },
      {
        "title": "Cancer Research - WB 2",
        "id": "f1a958ee-3d17-41af-8682-dbf005afc7a8",
        "items": [
          {
            "researchname": "Research",
            "id": "ef396160-7f3a-46d3-bd81-edc52573589a",
            "data": [
              { "id": "451b77fe-b97c-8013-8a40-1991039056ty", "title": "Lung Cancer Study" },
              { "id": "451b77fe-b97c-8opi-8a40-1991039056ty", "title": "Breast Cancer Study" },
              { "id": 3, "title": "Prostate Cancer Study" }
            ]
          },
          {
            "experimentname": "Experiment",
            "id": "d94fd0ba-b948-4020-b865-b7dbaeb6fc70",
            "data": [
              { "id": "451b77fe-b97c-8013-8a40-1991039056ty", "title": "Trial A" },
              { "id": "432b77fe-b97c-8013-8a40-1991039056ty", "title": "Trial B" }
            ]
          }
        ]
      },
      {
        "title": "Heart Disease - WB 3",
        "id": "b7f16ff7-86e3-4d32-a353-c5f314837166",
        "items": [
          {
            "researchname": "Research",
            "id": "789be313-6135-460d-b48e-30d58a0650ce",
            "data": [
              { "id": "451b77fe-b97c-8013-8a40-19910390576y", "title": "Arrhythmia Analysis" },
              { "id": "451b77fe-ytfc-8013-8a40-1991039056jj", "title": "Heart Rate Variability" }
            ]
          },
          {
            "experimentname": "Experiment",
            "id": "f2b4b07d-703c-40a1-9484-39d2269a4461",
            "data": [
              { "id": "451b77fe-b97c-8013-8a40-1991039056ty", "title": "ECG Test Set 1" },
              { "id": "451b77fe-b97c-8013-8a40-76ytg39056t7", "title": "Blood Pressure Config" }
            ]
          }
        ]
      }
    ]
  }
  